game,map_id,status,true_creator,llm_believed_creator,confidence_level,fun,challenge,frustration,surprise,design,reasoning,error
mario,x3V9NLQt,ok,Human,AI,2.95,2.15,1.0,1.0,1.0,1.75,"The level felt very generic, with basic platform placement and minimal, uninspired enemy use.",
mario,fc3fEIzT,ok,Human,AI,2.85,1.75,1.05,1.1,1.0,1.45,"The level is extremely short, simple, and lacks any discernible challenge or interesting design choices, suggesting algorithmic generation.",
mario,RtKfCoTJ,ok,Human,AI,2.55,1.3,1.0,1.1,1.0,1.1,"The level is just a few floating platforms with no enemies, obstacles, or thoughtful arrangement.",
mario,Jvmo5e7c,ok,Human,AI,2.75,2.4,1.65,1.35,1.25,1.6,"The level is a simple, disjointed collection of platforms, pipes, and enemies with no clear design intent or flow.",
mario,V5XEzcZd,ok,Human,AI,2.8,2.2,1.05,1.0,1.05,1.65,"The level design feels random, lacking a clear theme or progression, and includes strange enemy placements like the Lakitu on the ground.",
mario,XYTl4EzV,ok,Human,AI,3.0,1.0,1.0,2.45,1.1,1.0,"The level is extremely short, empty, and contains no enemies or meaningful challenges, feeling more like a tutorial fragment.",
mario,pY9KB33X,ok,Human,AI,2.7,2.5,1.5,1.45,1.1,1.95,"The placement of objects feels very standard and lacks any a specific human design signature, resembling a simple combination of assets.",
mario,lY6ELCJ9,ok,Human,AI,2.9,1.9,1.1,1.1,1.25,1.3,"Elements are placed randomly with no clear design philosophy, like the vine that leads nowhere interesting.",
mario,ktod92pA,ok,Human,AI,2.9,1.75,2.3,3.65,1.65,1.25,"The level is very empty, disjointed, and ends in an inescapable pit, indicating a lack of human design intent.",
mario,gZGPAuuB,ok,Human,AI,2.65,3.3,1.05,1.0,1.1,3.35,"The level appears to be a slightly remixed and simpler version of World 1-1, indicating an AI trained on the original game.",
mario,1AC82kGG,ok,Human,AI,2.55,2.5,1.45,1.0,1.55,1.7,"The level felt more like a random assortment of obstacles rather than a thoughtfully designed, cohesive experience.",
mario,oGL3xUR2,ok,Human,AI,3.0,1.65,1.0,1.0,1.0,1.45,"The level is extremely short, lacks enemies, and feels like random, disjointed segments put together without a clear design goal.",
mario,tMYRotFs,ok,Human,AI,3.0,1.35,1.55,2.65,1.25,1.2,The level is a series of disjointed chunks with repetitive enemy placements and no clear flow or theme.,
mario,yAXhWaGh,ok,Human,AI,2.95,1.05,1.6,4.65,1.3,1.0,"The level abruptly ends in an empty, impassable area, which is a common trait in generated levels lacking a clear goal.",
mario,4bMZDbcE,ok,Human,AI,2.95,2.4,1.2,1.3,1.0,2.1,"The level consists of near-identical chunks of design repeated with very minor variation, suggesting algorithmic generation.",
mario,lgoBPkQB,ok,AI,Human,2.85,4.4,1.1,1.0,1.35,4.3,"The sequence of jumps, pipes, and enemy placements perfectly matches the famous World 1-1.",
mario,xYnV8Xi7,ok,AI,AI,2.9,1.1,2.05,3.0,1.5,1.05,The level is completely empty and unbeatable; the player is stuck in a loop without any way to progress.,
mario,U3v9pEvF,ok,AI,AI,2.8,2.45,2.8,2.6,2.15,1.95,"The level feels like a classic, cohesive stage with a clear difficulty ramp and intentional object placements.",
mario,S7F69Idf,ok,AI,AI,2.65,2.4,1.1,1.0,1.05,2.15,"The level uses basic structures but lacks a clear theme or progression, feeling more like a random assortment of Mario elements.",
mario,mmMjssLU,ok,AI,Human,2.75,3.55,1.65,1.25,1.5,3.45,"The level follows classic design principles, including teaching the player with simple challenges before introducing harder ones.",
mario,Xd8WtCNl,ok,AI,AI,2.7,2.3,2.15,1.9,1.55,1.55,"The level lacks coherent design, with empty spaces and illogical enemy placements feeling random and procedurally generated.",
mario,9Y6J8Rb8,ok,AI,AI,2.9,2.0,2.5,2.75,1.3,1.25,"The level's auto-scroll combined with randomly placed, disconnected platforms feels chaotic and lacks intentional design flow.",
mario,gngXYJwH,ok,AI,AI,2.65,2.95,1.85,1.15,1.2,2.35,"The level combines familiar elements in a functional but uninspired way, lacking a clear design theme.",
mario,KKZ1dszi,ok,AI,AI,2.95,2.3,2.05,2.15,1.1,1.7,Enemy and block placement feels random rather than intentionally designed to create a specific challenge or flow.,
mario,vHybWiYq,ok,AI,Human,2.75,3.1,1.7,1.3,1.3,2.85,"The level design feels classic, with a clear progression and fair enemy/obstacle placement that teaches and tests skills.",
mario,4PFJlLdR,ok,AI,AI,2.6,2.7,1.75,1.3,1.35,2.25,The level felt disjointed and lacked a coherent theme or a clear progression that I typically expect from human-designed levels. Some enemy and object placements seemed random rather than intentional.,
mario,dwIZVZn4,ok,AI,Human,2.45,2.55,1.55,1.35,1.25,2.25,"The level's design, though minimal, shows a deliberate flow and a clear-cut challenge, which suggests human intent.",
mario,ueNqeTXa,ok,AI,AI,2.55,2.3,2.05,1.85,1.35,1.8,"The placement of single blocks, enemies and gaps feels random, not part of a coherent player challenge.",
mario,br59gvRp,ok,AI,AI,2.65,2.3,1.4,1.45,1.0,1.8,"The level is extremely short, lacks any sort of progression, and simply ends at a dead end.",
mario,8cgqvaZu,ok,AI,AI,2.85,2.4,2.35,1.95,1.35,1.8,"The level feels like a collection of random, disconnected platforming ideas rather than a cohesive, flowing experience with a clear theme or progression.",
sokoban,8Ua6YU1D,ok,Human,AI,2.55,1.8,1.15,1.3,1.2,2.1,"The puzzle is very small, symmetrical, and presents no real obstacles or complex interactions, making it seem machine-generated.",
sokoban,t7mUz3Qe,ok,Human,Human,2.8,2.75,1.25,1.0,1.05,3.4,"The puzzle's simple, symmetrical design feels deliberate and typical of introductory human-made levels.",
sokoban,7V2mu5KA,ok,Human,Human,2.55,3.45,1.9,1.15,1.6,3.6,"The puzzle's elegant, symmetrical design and single clear 'aha' moment feel intentionally crafted for a player's satisfaction.",
sokoban,HjLVlKx4,ok,Human,Human,2.65,3.1,2.0,1.1,1.5,2.95,"The puzzle focuses on a single, elegant choke point, a common characteristic of focused human puzzle design.",
sokoban,5Au4nrI2,ok,Human,Human,2.6,3.3,2.0,1.1,1.5,3.1,"The puzzle's simple, almost symmetrical layout and straightforward, sequential solution feel thoughtfully crafted by a person.",
sokoban,3xtQxBWH,ok,Human,Human,2.5,2.9,2.4,1.75,1.55,3.25,"Since there is no gameplay, I cannot analyze the solution path or intended logic, which are key indicators.",
sokoban,QUT4qGl2,ok,Human,AI,2.65,2.2,1.65,1.25,1.2,3.0,"The puzzle has a simple, symmetrical layout that feels more like a basic AI-generated starting point than a crafted level.",
sokoban,bhRr4CCv,ok,Human,AI,2.55,2.3,1.7,1.95,1.5,2.95,"The puzzle is extremely simple and symmetrical, lacking any interesting challenge or clever design elements.",
sokoban,iJNJxWfZ,ok,Human,Human,2.8,3.85,2.3,1.15,2.15,4.1,"The puzzle has a simple, focused idea and a very clear, satisfying solution path, suggesting human design.",
sokoban,TIXMBKaj,ok,Human,Human,2.65,3.7,2.95,1.55,2.15,3.4,"The puzzle has a specific, non-obvious order of operations needed to solve it, which feels intentional.",
sokoban,Z0SxyjXq,ok,Human,Human,2.75,2.75,2.25,1.6,1.5,2.65,"The puzzle prioritizes symmetrical aesthetics over a compelling starting point, a common trait inProcedural Content Generation.",
sokoban,ROciIZDL,ok,Human,Human,2.6,3.4,2.85,1.3,2.1,2.9,"This puzzle requires very specific ordering of moves, especially using previously placed boxes as temporary walls, a common human design trick.",
sokoban,2v2qgbvC,ok,Human,AI,2.55,2.1,1.2,1.0,1.15,2.45,The slightly disorganized and symmetrical yet disconnected layout feels more procedural than intentionally designed.,
sokoban,73sJaNBn,ok,Human,Human,2.85,2.75,1.65,1.3,1.5,2.9,"The puzzle's simple, symmetrical layout and straightforward solution path feel intentional and typical of human design.",
sokoban,f8sbFI0a,ok,Human,Human,2.2,2.75,1.5,1.2,1.2,3.1,"The puzzle has a clear flow and a single, elegant solution path, which feels intentional.",
sokoban,extLxWet,ok,AI,AI,2.85,2.55,1.2,1.0,1.1,2.85,"The puzzle is simple, symmetrical, and lacks any intricate or creative design elements that suggest human touch.",
sokoban,UTSKBMio,ok,AI,AI,2.45,1.9,1.3,1.25,1.15,2.15,"The puzzle has a simple, focused design with a clear intended solution path, which feels intentional and human-crafted.",
sokoban,LUiVjpMm,ok,AI,AI,2.75,1.9,1.8,2.3,1.4,2.1,"The puzzle is unsolvable from the very first intended move, a classic sign of poor design.",
sokoban,cHhvQJlr,ok,AI,Human,2.75,2.8,1.45,1.0,1.2,2.8,"The puzzle is a small, focused test of shuffling boxes, a common human design pattern.",
sokoban,cTxMstwv,ok,AI,AI,2.5,1.9,1.55,1.35,1.3,2.35,The puzzle lacks any meaningful challenge; each box is just pushed directly onto an adjacent goal.,
sokoban,ij6onaGt,ok,AI,Human,2.75,2.7,1.75,1.15,1.25,2.55,The puzzle's layout and straightforward solution path are very typical of early-stage human-designed levels.,
sokoban,5iXJGqnK,ok,AI,Human,2.4,3.35,2.15,1.0,1.5,2.75,"The puzzle is extremely simple, serving as a basic introduction to Sokoban mechanics rather than presenting a unique challenge.",
sokoban,H77pn4iQ,ok,AI,Human,2.65,3.6,2.5,1.2,2.0,3.0,"The puzzle is divided into distinct sections, requiring a logical sequence that feels handcrafted and intentional for the player's experience.",
sokoban,Iz5BqRyu,ok,AI,Human,2.55,3.2,2.05,1.2,1.55,2.75,"The puzzle is trivial, with each box having an independent and obvious path to a goal, which is a common characteristic of simpler AI-generated levels.",
sokoban,QV6Qfb7T,ok,AI,Human,2.6,3.6,2.65,1.25,1.95,3.4,"The puzzle has a straightforward, logical path that feels intentionally crafted for a smooth solving experience.",
sokoban,UeeTjy5b,ok,AI,Human,2.6,1.75,1.0,1.0,1.0,2.55,"The puzzle is symmetrical and very simple, designed to teach the basic push mechanic effectively.",
sokoban,oHSLE5UO,ok,AI,AI,2.8,1.4,1.0,1.2,1.0,1.95,The puzzle's straightforward solution and lack of any complexity suggest it was designed to teach basic mechanics.,
sokoban,79DSy6TF,ok,AI,Human,2.65,2.3,1.05,1.35,1.1,2.95,"The puzzle is a classic, simple Sokoban setup that teaches the basic concept of irreversible moves.",
sokoban,aE7sjnta,ok,AI,AI,2.7,2.05,1.1,1.3,1.05,2.25,"The level is extremely simple and feels like a tutorial, which is a common human design pattern.",
sokoban,wSCVt298,ok,AI,AI,2.5,1.75,1.0,1.05,1.0,2.45,The puzzle's extreme simplicity and straightforward solution path strongly suggest it's designed as a tutorial for new players.,
